Name,Direction,width,Height,Area,Window_ID,Frame_type,Frame_material,U,SHGC,HF,Q heating,SLF,Doh,Xoh,Fshd,IntShading_ID,IntShading_closeness,IAC_cl,IAC,Tx,Ed,ED,PXI,FFs,C_value,CF,Qcooling,Q_heating,Fshd1,Et
east,E,8,1.8,14.4,5c,Fixed,Wood,6.42,0.66,160.5,2311.2,1.0,0.9,0.3,0.222222222222,DrapesLightOpen,0.4,0.73,0.892,1.0,747,188,935.0,0.31,17.88612,188.526612,2714.7832128,2311.2,0.222222222222,nan
west,W,8,1.8,14.4,5c,Fixed,Wood,6.42,0.66,160.5,2311.2,1.0,0.9,0.3,0.222222222222,DrapesLightOpen,0.4,0.73,0.892,1.0,747,188,935.0,0.56,17.88612,326.139912,4696.4147328,2311.2,0.222222222222,nan
south-Fixed,S,2,1.8,3.6,5c,Fixed,Wood,6.42,0.66,160.5,577.8,2.7,0.9,0.3,0.977777777778,DrapesLightOpen,0.4,0.73,0.892,1.0,557,209,766.0,0.47,17.88612,229.8370944,827.41353984,577.8,0.977777777778,nan
south-Operable,S,2,1.8,3.6,5c,Operable,Wood,7.24,0.64,181.0,651.6,2.7,0.9,0.3,0.977777777778,DrapesLightOpen,0.4,0.73,0.892,0.64,557,209,490.24,0.47,20.17064,151.708699264,546.15131735,651.6,0.977777777778,nan
